<?xml version="1.0" encoding="UTF-8" standalone="yes"?>
<manifest>
  <control namespace="RelationshipAnalyzer" constructor="ActivityAnalyzer" version="0.1.11" display-name-key="ActivityAnalyzer" description-key="Display Activty in Radar Map" control-type="standard" api-version="1.2.1">
    <data-set name="dataSet" display-name-key="DataSet View Used" cds-data-set-options="displayCommandBar:true;displayViewSelector:true;displayQuickFindSearch:true"/>
    <resources>
      <code path="bundle.js" order="1"/>
      <css path="Resources/Chart.min.css" order="1"/>
      <css path="css/ActivityAnalyzer.css" order="1"/>
    </resources>
    <feature-usage>
      <uses-feature name="WebAPI" required="true"/>
    </feature-usage>
    <built-by name="pac" version="1.0.6"/>
  </control>
</manifest>