<?xml version="1.0" encoding="UTF-8" standalone="yes"?>
<manifest>
  <control namespace="RelationshipAnalyzer" constructor="ActivityAnalyzer" version="1.1.11" display-name-key="ActivityAnalyzer" description-key="Display Activty List in Chart" control-type="standard" api-version="1.2.1">
    <data-set name="dataSet" display-name-key="View Used" cds-data-set-options="displayCommandBar:false;displayViewSelector:false;displayQuickFindSearch:false"/>
    <property name="activityNameArray" display-name-key="Activity Names" description-key="Activity Names to be dispplayed in Graph (match entity name)" of-type="SingleLine.Text" usage="input" required="true"/>
    <property name="activtyColourArray" display-name-key="Activity Colour" description-key="Colour to match the activity names" of-type="SingleLine.Text" usage="input" required="true"/>
    <property name="chartType" display-name-key="Chart Type" description-key="Type of Chart (pie, radar, bar, line, polar)" of-type="SingleLine.Text" usage="input" required="true"/>
    <property name="chartTitle" display-name-key="Chart Title" description-key="Title of Chart" of-type="SingleLine.Text" usage="input" required="false"/>
    <resources>
      <code path="bundle.js" order="1"/>
      <css path="Resources/Chart.min.css" order="1"/>
      <css path="css/ActivityAnalyzer.css" order="1"/>
    </resources>
    <built-by name="pac" version="1.0.6"/>
  </control>
</manifest>